Name,Team,Side,Pos,Pitches Per Game,pa,single,double,triple,home_run,strikeout,walk,p_total_stolen_base,p_total_caught_stealing,p_total_pitches
"Stephan, Trevor",,,,15.8732394366197,283,39,17,1,6,75,26,13,1,1127
"Woodruff, Brandon",,,,94.8181818181818,248,23,8,0,9,74,15,4,2,1043
"Bickford, Phil",,,,20.1475409836066,296,35,14,2,8,76,39,18,0,1229
"Maeda, Kenta",DET,RHP,SP,80.952380952381,422,54,22,1,17,117,28,13,1,1700
"Clevinger, Mike",,,,87.5,536,75,27,3,16,110,40,27,1,2100
"Abbott, Cory",,,,31.9545454545455,177,34,4,1,9,40,20,5,1,703
"Nelson, Kyle",,,,12.9117647058824,235,35,12,0,12,67,14,1,0,878
"Urias, Julio",,,,88.047619047619,468,59,28,1,24,117,24,11,6,1849
"Manoah, Alek",,,,88.8947368421053,405,59,17,2,15,79,59,15,2,1689
"Bolton, Cody",,,,28.4375,105,19,8,0,3,22,15,1,0,455
"Garcia, Luis",BOS,RHP,CL,77.5,113,13,8,1,3,31,10,0,1,465
"Miller, Mason",OAK,HP,CL,60.9,134,17,4,1,2,38,16,1,2,609
"Oviedo, Johan",,,,93.125,761,96,41,5,19,158,83,9,3,2980
"Sewald, Paul",ARI,RHP,CL,15.9538461538462,245,30,8,0,8,80,24,7,0,1037
"Garrett, Amir",,,,17.6296296296296,110,14,4,0,4,28,20,2,0,476
"Chirinos, Yonny",,,,67.1,358,53,22,1,15,53,27,3,1,1342
"Patino, Luis",,,,42.5555555555556,99,16,2,0,3,18,14,2,1,383
"Lauer, Eric",,,,84.4,209,26,12,0,16,43,24,2,4,844
"Assad, Javier",CHC,RHP,SP,53.4375,443,59,18,3,13,94,41,8,3,1710
"Bello, Brayan",BOS,RHP,SP,93.5,656,103,36,2,24,132,45,9,3,2618
"Mayza, Tim",,,,11.7246376811594,214,36,12,0,2,53,15,3,1,809
"Bellatti, Andrew",,,,16.8888888888889,112,15,5,1,4,25,12,3,0,456
"Quantrill, Cal",COL,RHP,SP,90,433,74,22,4,11,58,35,10,1,1710
"Neal, Zach",,,,33,121,13,9,0,8,25,14,0,1,462
"Fujinami, Shintaro",,,,21.9375,347,44,18,2,9,83,45,7,0,1404
"Lynn, Lance",,,,98.96875,796,116,26,3,44,191,67,7,3,3167
"Boxberger, Brad",,,,15.3636363636364,83,8,3,1,3,17,11,4,0,338
"Jackson, Jay",,,,17.68,114,11,3,0,4,27,9,0,0,442
"Miller, Bryce",SEA,RHP,SP,83.76,527,70,36,0,18,119,26,6,4,2094
"Hernandez, Jose E.",,,,17.22,219,22,15,1,9,62,22,7,0,861
"Whitlock, Garrett",,,,54.3181818181818,298,49,18,2,13,72,13,7,5,1195
"Gore, MacKenzie",WAS,LHP,SP,91.1851851851852,576,86,19,2,27,151,57,10,3,2462
"Steele, Justin",CHC,LHP,SP,89.2666666666667,702,117,34,2,14,176,36,8,4,2678
"Sanchez, Cristopher",PHI,LHP,SP,76.8421052631579,391,52,18,2,16,96,16,7,2,1460
"Garza, Justin",,,,20.7058823529412,89,12,6,1,3,17,12,0,0,352
"Hand, Brad",,,,16.15,222,31,14,3,6,59,22,13,1,969
"Williams, Trevor",,,,87.4,645,110,32,2,34,111,52,9,1,2622
"Bradford, Cody",TEX,LHP,SP,48.7,228,28,15,2,11,51,12,2,0,974
"Moreta, Dauri",,,,17.4909090909091,233,18,16,1,4,76,24,6,0,962
"Iglesias, Raisel",ATL,RHP,CL,15,229,35,9,0,7,68,15,0,0,870
"Clarke, Taylor",,,,18.4137931034483,258,47,11,1,12,65,24,0,3,1068
"Diekman, Jake",,,,15.8095238095238,240,27,6,1,3,64,38,8,1,996
"Ragans, Cole",KC,LHP,SP,54.6896551724138,387,51,10,2,7,113,41,3,2,1586
"Martinez, Seth",,,,21.8285714285714,189,27,12,1,5,45,19,4,1,764
"Bleier, Richard",,,,16.8888888888889,126,26,6,0,5,16,5,1,0,456
"Lovelady, Richard",,,,14,90,6,6,0,3,24,10,3,1,378
"Robertson, Nick",,,,21.7777777777778,104,18,7,2,3,26,9,2,0,392
"Gallen, Zac",ARI,RHP,SP,95.5294117647059,837,121,42,3,22,220,47,5,6,3248
"Pfaadt, Brandon",ARI,RHP,SP,84.7368421052632,412,59,25,3,22,94,26,8,4,1610
"Hentges, Sam",,,,15.2142857142857,222,42,8,1,2,56,18,6,0,852
"Suarez, Robert",SD,RHP,CL,17.2692307692308,107,9,2,0,4,24,10,2,1,449
"Wright, Kyle",,,,63.8888888888889,149,27,7,1,5,34,17,2,0,575
"Wells, Tyler",,,,76.12,463,41,15,2,25,117,34,2,1,1903
"Naile, James",,,,30.8,80,22,4,0,1,7,9,0,0,308
"Greinke, Zack",,,,73.9666666666667,584,106,25,2,25,97,23,2,1,2219
"Phillips, Connor",,,,76.2,95,12,1,0,5,26,13,2,0,381
"Kennedy, Brett",,,,62,76,9,7,2,1,9,7,4,0,310
"Williams, Gavin",CLE,RHP,SP,86.625,339,39,17,2,8,81,37,6,2,1386
"Llovera, Mauricio",,,,20.7,154,26,7,0,3,29,15,8,0,621
"Englert, Mason",,,,30.9032258064516,247,39,14,2,12,41,17,7,0,958
"May, Trevor",,,,15.8367346938776,197,24,6,1,4,40,29,6,2,776
"Gomber, Austin",COL,LHP,SP,80,595,100,35,3,26,87,43,8,1,2160
"Bassitt, Chris",TOR,RHP,SP,95.1212121212121,808,108,38,2,28,186,59,14,6,3139
"Diaz, Alexis",CIN,RHP,CL,16.3661971830986,272,30,10,0,4,86,36,12,3,1162
"Barnes, Matt",,,,16.6666666666667,98,20,3,0,2,20,10,5,0,400
"Paxton, James",BOS,LHP,SP,88.9473684210526,405,55,19,1,18,101,33,4,0,1690
"Machado, Andres",,,,17.5909090909091,201,32,9,0,12,43,13,11,0,774
"Sears, JP",OAK,LHP,SP,89.59375,715,94,33,4,34,161,53,15,8,2867
"Balazovic, Jordan",,,,21.7777777777778,107,17,3,1,5,17,12,0,0,392
"Varland, Louie",,,,64.1764705882353,279,39,7,4,16,71,17,1,1,1091
"deGrom, Jacob",,,,75.1666666666667,115,8,7,2,2,45,4,5,1,451
"Martinez, Adrian",,,,42.8636363636364,231,41,8,2,8,47,19,9,3,943
"Cease, Dylan",SD,RHP,SP,98.8484848484848,768,112,32,9,19,214,79,13,2,3262
"Suarez, Andrew",,,,40.0769230769231,130,17,8,1,7,17,15,0,0,521
"Herget, Kevin",,,,29.8571428571429,103,13,8,1,4,13,6,0,0,418
"Montero, Rafael",,,,18.4264705882353,294,46,14,3,11,79,29,11,2,1253
"Wittgren, Nick",,,,17.4814814814815,125,18,10,0,2,18,11,1,1,472
"White, Brendan",,,,19.7575757575758,170,28,8,0,4,44,15,8,1,652
"Hjelle, Sean",,,,34.4,133,28,6,1,3,31,13,3,0,516
"Almonte, Yency",,,,16.3265306122449,203,31,6,0,6,49,23,3,1,800
"Lorenzen, Michael",KC,RHP,SP,81.5862068965517,614,91,26,1,20,111,47,2,3,2366
"Palencia, Daniel",,,,18.2962962962963,116,15,3,1,3,33,14,1,1,494
"Thompson, Mason",,,,17.5490196078431,233,46,10,2,4,44,22,6,2,895
"Manning, Matt",,,,78.8,304,38,9,2,11,50,21,0,2,1182
"Headrick, Brent",,,,35.2857142857143,111,12,7,1,7,30,10,0,0,494
"Fairbanks, Pete",TB,RHP,CL,14.9795918367347,179,21,2,0,3,68,20,7,0,734
"Zastryzny, Rob",,,,18.5238095238095,95,17,6,0,1,15,13,1,1,389
"Crawford, Kutter",BOS,RHP,SP,67.7096774193548,520,62,26,2,17,135,36,8,2,2099
"Toussaint, Touki",CWS,RHP,SP,79.75,367,49,9,1,10,85,57,9,2,1595
"Wilson, Bryse",MIL,RHP,SP,21.811320754717,306,33,16,2,9,61,22,4,0,1156
"Rosenberg, Kenny",,,,77.5714285714286,145,25,7,0,3,29,14,3,3,543
"Bruihl, Justin",,,,16.2222222222222,116,17,9,0,2,22,11,4,1,438
"Gonzales, Marco",PIT,LHP,SP,81.1,213,36,14,0,5,34,18,1,1,811
"Megill, Trevor",,,,19.3225806451613,144,24,8,1,2,52,12,12,0,599
"Ryu, Hyun Jin",,,,75.4545454545455,220,32,12,0,9,38,14,3,1,830
"Foley, Jason",DET,RHP,CL,14.9571428571429,274,48,13,2,2,55,15,3,2,1047
"DeSclafani, Anthony",,,,81.5263157894737,408,64,25,1,15,79,20,8,3,1549
"Urquidy, Jose",,,,68.5,272,41,12,1,11,45,25,13,2,1096
"Hernandez, Jonathan",,,,16.7575757575758,140,25,5,1,4,34,15,2,0,553
"Ramirez, Erasmo",,,,25.3157894736842,263,57,13,1,11,43,13,1,2,962
"Neris, Hector",CHC,RHP,CL,15.3802816901408,267,27,7,0,7,77,31,9,2,1092
"Edwards, Carl",,,,17.65625,141,21,8,1,1,24,17,2,0,565
"Oller, Adam",,,,45.7777777777778,97,19,5,0,5,13,12,0,1,412
"Williamson, Brandon",,,,84.304347826087,486,66,26,1,18,98,39,1,3,1939
"Topa, Justin",,,,13.9466666666667,272,49,6,2,4,61,18,6,3,1046
"Schreiber, John",,,,17.8695652173913,198,26,8,1,6,53,25,0,0,822
"Olson, Reese",,,,83,419,53,13,3,14,103,33,4,3,1743
"Fried, Max",,,,88.7857142857143,307,55,8,0,7,80,18,4,2,1243
"Cox, Austin",,,,24.0833333333333,144,19,5,2,2,33,17,3,1,578
"Gray, Jon",,,,82.5172413793103,636,110,16,1,22,142,54,12,9,2393
"Marinaccio, Ron",,,,19.8444444444444,195,22,7,0,6,56,27,12,2,893
"Leone, Dominic",,,,17.3725490196078,229,26,7,2,14,54,28,9,0,886
"Duarte, Daniel",,,,18.4516129032258,134,17,2,0,5,23,20,2,2,572
"Waldichuk, Ken",,,,72.9428571428571,621,84,39,2,24,132,71,7,6,2553
"Berrios, Jose",TOR,RHP,SP,91.78125,769,113,33,2,25,184,52,12,4,2937
"Mikolas, Miles",STL,RHP,SP,91.3428571428571,841,145,50,5,26,137,39,12,5,3197
"Houser, Adrian",,,,80.695652173913,477,89,18,1,13,96,34,4,1,1856
"Nardi, Andrew",MIA,LHP,CL,15.2063492063492,232,27,11,0,7,73,21,1,1,958
"Keuchel, Dallas",,,,65.8,169,28,13,1,3,25,18,4,1,658
"Wood, Alex",,,,58.8965517241379,415,61,24,4,9,74,42,4,1,1708
"Kauffmann, Karl",,,,52.9090909090909,151,26,11,0,5,16,16,4,0,582
"Harrison, Kyle",SF,LHP,SP,84,142,15,5,1,8,35,11,3,3,588
"Giolito, Lucas",,,,96.6666666666667,778,87,34,7,41,204,73,13,6,3190
"Suter, Brent",,,,19.8070175438596,286,49,11,2,3,55,25,3,3,1129
"Singer, Brady",KC,RHP,SP,90.0689655172414,683,113,44,5,20,133,49,11,3,2612
"Perez, Eury",,,,80.7368421052632,368,33,22,2,15,108,31,11,1,1534
"Rucinski, Drew",,,,87.5,92,17,5,0,5,6,14,0,1,350
"Speier, Gabe",,,,11.3333333333333,211,33,7,0,7,64,11,5,1,782
"Ramirez, Yohan",,,,23.0322580645161,164,32,3,1,3,35,17,7,1,714
"Kerr, Ray",,,,19.4090909090909,112,11,6,3,5,35,9,0,0,427
"Snell, Blake",SF,LHP,SP,99,735,78,22,0,15,234,99,25,1,3168
"Raley, Brooks",,,,14.8787878787879,228,29,11,0,4,61,25,5,0,982
"Musgrove, Joe",,,,91.1764705882353,386,63,17,0,10,97,21,5,2,1550
"La Sorsa, Joe",,,,21.6,139,24,5,0,3,28,9,4,0,540
"Anderson, Chase",,,,76.1578947368421,362,60,11,2,17,64,33,4,4,1447
"Bibee, Tanner",CLE,RHP,SP,93.04,575,83,26,0,13,141,45,9,1,2326
"De Los Santos, Yerry",,,,18.0454545454545,101,11,4,1,1,18,13,2,1,397
"Henry, Tommy",,,,81.8235294117647,377,55,17,2,12,64,35,10,3,1391
"Gray, Josiah",,,,93.7333333333333,685,100,29,1,22,143,80,21,4,2812
"Cobb, Alex",,,,89.5,637,107,33,4,19,131,37,13,3,2506
"Falter, Bailey",PIT,LHP,SP,72,346,59,17,1,17,60,20,9,4,1296
"Alzolay, Adbert",,,,16.5689655172414,244,38,8,1,5,67,13,6,3,961
"Bard, Daniel",,,,18.66,219,19,9,2,5,47,49,2,3,933
"Keller, Brad",,,,79.7272727272727,207,31,8,0,3,31,45,2,1,877
"Fleming, Josh",,,,63.25,218,38,8,1,9,25,19,1,0,759
"Davidson, Tucker",,,,22.2894736842105,228,40,18,0,6,46,19,10,0,847
"Taillon, Jameson",CHC,RHP,SP,84.4333333333333,645,100,28,1,27,140,41,13,3,2533
"Ashcraft, Graham",,,,89.3461538461538,610,98,23,4,23,111,52,10,4,2323
"Yates, Kirby",TEX,RHP,CL,17.3114754098361,247,22,4,0,9,80,37,11,3,1056
"Weems, Jordan",,,,18.0392156862745,224,18,10,1,9,60,28,3,0,920
"Ward, Thaddeus",,,,26.1923076923077,157,18,4,0,7,30,28,2,2,681
"Hernandez, Carlos",,,,18.6716417910448,298,33,17,2,10,77,32,3,1,1251
"Hamilton, Ian",,,,25.1025641025641,235,33,9,1,2,69,26,2,2,979
"Thompson, Keegan",,,,25.1052631578947,122,14,4,0,2,26,19,1,0,477
"Peralta, Freddy",MIL,RHP,SP,94.6333333333333,671,75,30,0,26,210,54,7,0,2839
"Peterson, David",NYM,LHP,SP,72.8148148148148,482,87,17,4,16,128,50,4,5,1966
"Abreu, Albert",,,,23.2,260,31,12,0,9,61,35,7,0,1044
"Montgomery, Jordan",ARI,LHP,SP,91.25,766,111,45,3,18,166,48,14,1,2920
"Mlodzinski, Carmen",,,,17.6285714285714,149,21,4,0,3,34,18,3,1,617
"Garrett, Braxton",,,,79.9677419354839,646,93,37,4,20,156,29,14,3,2479
"Herget, Jimmy",,,,17.551724137931,125,16,10,0,7,26,8,0,0,509
"Reyes, Denyi",,,,40.4444444444444,89,18,3,1,3,17,8,4,0,364
"Miley, Wade",,,,81.4347826086957,481,60,22,1,16,79,38,2,3,1873
"Murphy, Chris",,,,43.5,207,31,14,0,5,49,17,3,1,870
"Cessa, Luis",,,,66.1428571428571,128,30,11,2,3,11,12,0,0,463
"McHugh, Collin",,,,24.8292682926829,261,55,10,0,5,47,22,3,1,1018
"Fulmer, Michael",,,,16.3793103448276,232,28,13,0,7,65,28,1,2,950
"Selby, Colin",,,,20.8095238095238,113,23,2,0,4,30,15,1,0,437
"Canning, Griffin",LAA,RHP,SP,86.8333333333333,529,77,19,3,22,139,36,2,0,2084
"Ohtani, Shohei",,,,91.0434782608696,518,52,15,0,18,167,55,5,3,2094
"Anderson, Tyler",LAA,LHP,SP,90.037037037037,613,84,40,2,20,119,64,7,2,2431
"Hicks, Jordan",SF,RHP,SP,17.1384615384615,279,41,11,1,4,81,32,2,2,1114
"Baker, Bryan",,,,17.0434782608696,181,21,8,0,4,51,24,2,5,784
"Lynch, Daniel",,,,89.7777777777778,220,32,8,1,9,34,16,9,1,808
"Gonsolin, Tony",,,,83.2,421,52,15,0,19,82,40,8,1,1664
"Rea, Colin",MIL,RHP,SP,77.5384615384615,506,66,18,3,23,110,38,17,2,2016
"Gibson, Kyle",STL,RHP,SP,92.0606060606061,787,127,43,5,23,157,55,7,4,3038
"Barria, Jaime",,,,39.7058823529412,358,54,17,0,20,62,30,0,1,1350
"Brebbia, John",CWS,RHP,CL,16.875,158,17,7,1,6,47,14,5,1,675
"Castillo, Max",,,,48.8571428571429,84,13,4,1,2,10,9,3,0,342
"Keller, Mitch",PIT,RHP,SP,97.46875,807,122,38,2,25,210,55,12,2,3119
"Bielak, Brandon",,,,92.5333333333333,347,54,19,1,12,62,36,5,6,1388
"Soriano, Jose",LAA,RHP,SP,17.6315789473684,177,25,3,1,4,56,23,1,2,670
"Stripling, Ross",OAK,RHP,SP,66.0454545454545,378,69,14,1,20,70,16,6,3,1453
"Koch, Matt",,,,14.974358974359,160,28,6,0,7,27,9,1,1,584
"Senga, Kodai",,,,96.3793103448276,683,88,21,0,17,202,77,11,3,2795
"Blackburn, Paul",NYM,RHP,SP,89.2857142857143,452,81,22,3,11,104,43,10,3,1875
"Martin, Chris",,,,13.1272727272727,198,37,6,0,2,46,8,4,0,722
"Pagan, Emilio",,,,16.0757575757576,269,26,12,2,5,65,21,2,2,1061
"Severino, Luis",NYM,RHP,SP,86.1052631578947,409,66,22,2,23,79,34,9,1,1636
"Duran, Jhoan",MIN,RHP,CL,17.2372881355932,247,32,8,0,6,84,25,8,1,1017
"Rutledge, Jackson",,,,86.5,85,15,5,0,4,12,6,1,1,346
"Garcia, Luis",BOS,RHP,CL,77.5,113,13,8,1,3,31,10,0,1,465
"Domínguez, Seranthony",,,,15.0701754385965,217,37,4,0,7,48,22,4,0,859
"Lange, Alex",,,,17.1044776119403,277,25,12,0,6,79,45,7,2,1146
"Greene, Hunter",CIN,RHP,SP,94.8636363636364,486,55,33,4,19,152,48,16,4,2087
"Rodon, Carlos",NYY,LHP,SP,80.9285714285714,277,36,14,0,15,64,28,5,1,1133
"Silseth, Chase",,,,55.5,219,23,9,0,9,56,26,3,0,888
"Davies, Zach",,,,83.1666666666667,371,67,17,4,10,72,39,8,1,1497
"Stroman, Marcus",NYY,RHP,SP,81.5925925925926,571,84,27,0,9,119,52,17,1,2203
"Marsh, Alec",,,,78.9411764705882,329,39,17,5,16,85,39,11,1,1342
"Blach, Ty",,,,63.2,339,71,16,2,15,50,24,2,1,1264
"Wheeler, Zack",PHI,RHP,SP,98.59375,773,111,35,2,20,212,39,3,4,3155
"Kluber, Corey",,,,66,253,34,16,2,17,42,21,3,0,990
"Jacques, Joe",,,,18.9565217391304,114,23,5,2,2,20,10,1,2,436
"Davis, Noah",COL,RHP,SP,75.125,141,31,6,0,6,26,15,3,2,601
"Sheehan, Emmet",,,,79.3076923076923,245,24,10,1,11,64,26,4,1,1031
"Kimbrel, Craig",BAL,RHP,CL,15.8028169014085,271,26,8,0,10,94,28,12,0,1122
"Cisnero, Jose",,,,15.6507936507937,258,43,9,1,10,70,25,4,1,986
"Burnes, Corbin",BAL,RHP,SP,96.21875,770,99,19,1,22,200,66,11,2,3079
"Jameson, Drey",,,,44.9333333333333,172,28,6,0,6,37,18,0,0,674
"Velasquez, Vince",,,,81.25,160,22,9,0,4,37,14,5,0,650
"Peralta, Wandy",,,,13.9365079365079,219,26,2,1,7,51,30,1,2,878
"Lucchesi, Joey",,,,77.3333333333333,192,27,13,0,4,32,17,3,0,696
"Estevez, Carlos",PHI,RHP,CL,17.8888888888889,275,45,10,0,7,78,31,2,0,1127
"Gibaut, Ian",,,,16.4054054054054,310,51,10,0,8,69,28,10,6,1214
"Adon, Joan",WAS,RHP,SP,77,235,34,18,0,8,48,24,9,0,924
"Manaea, Sean",NYM,LHP,SP,55.4594594594595,486,66,19,5,14,128,42,8,2,2052
"Campbell, Isaiah",,,,17.7037037037037,118,16,3,1,2,33,13,4,0,478
"Lamet, Dinelson",,,,35.4705882352941,142,23,10,2,7,32,23,5,1,603
"Elder, Bryce",,,,91.9032258064516,717,106,32,3,19,128,63,9,1,2849
"Lambert, Jimmy",,,,19.3428571428571,170,19,11,1,10,41,20,5,1,677
"Gray, Sonny",STL,RHP,SP,88.0625,744,111,34,3,8,183,55,8,4,2818
"Butto, Jose",NYM,RHP,SP,81.4444444444444,179,26,3,1,3,38,23,10,0,733
"VerHagen, Drew",,,,17.3666666666667,256,31,12,0,9,60,26,9,0,1042
"Criswell, Cooper",BOS,RHP,SP,55.4,146,25,9,0,6,27,11,2,1,554
"Wicks, Jordan",,,,83.2857142857143,142,19,9,0,5,24,11,2,1,583
"Bradish, Kyle",,,,87.9333333333333,659,90,27,1,14,168,44,3,2,2638
"Covey, Dylan",,,,25.3448275862069,187,37,5,1,5,30,17,1,0,735
"Ramirez, Nick",,,,20.5625,169,28,11,1,1,28,9,3,0,658
"Stephenson, Robert",,,,12.7166666666667,198,14,8,0,8,77,16,1,1,763
"Means, John",,,,84.75,86,5,4,0,4,10,4,0,0,339
"Marquez, German",,,,75.5,77,8,6,1,4,17,3,0,2,302
"Teheran, Julio",,,,77.1428571428571,281,39,14,2,13,50,13,9,3,1080
"Eflin, Zach",BAL,RHP,SP,83.1290322580645,695,104,31,4,19,186,24,7,6,2577
"Brown, Hunter",HOU,RHP,SP,87.741935483871,654,95,34,2,26,178,55,16,7,2720
"Williams, Devin",MIL,RHP,CL,15.5409836065574,230,16,6,0,4,87,28,10,1,948
"Detmers, Reid",,,,92.8214285714286,629,93,28,1,19,168,60,15,4,2599
"Vasquez, Andrew",,,,20.3095238095238,209,36,4,2,4,43,23,0,1,853
"Jansen, Kenley",BOS,RHP,CL,14.1372549019608,186,26,9,0,5,52,17,13,4,721
"Pruitt, Austin",,,,19.9210526315789,194,32,6,1,5,30,13,2,1,757
"Javier, Cristian",,,,92.9677419354839,673,81,33,4,25,159,62,22,3,2882
"Vines, Darius",,,,61.6,81,7,3,2,3,14,7,2,1,308
"McGough, Scott",,,,19.5714285714286,296,31,15,0,14,86,30,1,1,1233
"Bradley, Taj",TB,RHP,SP,79.1739130434783,455,55,25,3,23,129,39,0,0,1821
"Cordero, Jimmy",,,,16.5161290322581,130,17,5,1,2,34,10,6,0,512
"Coulombe, Danny",,,,13.6065573770492,207,35,6,0,4,58,12,11,2,830
"Richardson, Lyon",,,,82.75,81,8,3,0,6,12,15,1,0,331
"McArthur, James",KC,RHP,CL,18.9444444444444,87,10,7,1,2,23,2,0,0,341
"Loaisiga, Jonathan",,,,13.8823529411765,65,11,1,0,2,6,1,1,0,236
"Shreve, Chasen",,,,14.84,187,31,6,2,7,45,14,1,0,742
"Munoz, Andres",SEA,RHP,CL,16.0769230769231,206,28,10,0,2,67,22,8,2,836
"Willingham, Amos",,,,25.6111111111111,113,21,6,0,8,15,9,1,1,461
"Middleton, Keynan",,,,16.7843137254902,210,28,4,0,8,64,23,4,2,856
"Pepiot, Ryan",,,,81.75,156,13,7,0,7,38,5,1,1,654
"Hollowell, Gavin",,,,23.4615384615385,148,17,5,1,8,32,18,4,0,610
"Cimber, Adam",,,,16.8636363636364,90,17,2,0,6,12,7,2,1,371
"Dunning, Dane",TEX,RHP,SP,77.0285714285714,707,113,27,3,20,140,55,7,4,2696
"Cosgrove, Tom",,,,15.5,198,25,2,1,3,44,19,1,1,837
"Weathers, Ryan",,,,71.5333333333333,252,40,15,1,12,43,29,2,5,1073
"Cortes, Nestor",NYY,LHP,SP,89,262,33,15,0,11,67,20,2,1,1068
"Nola, Aaron",PHI,RHP,SP,96.46875,786,108,35,3,32,202,45,21,5,3087
"Bautista, Felix",,,,17.6428571428571,235,23,3,0,4,110,26,10,2,988
"Kaprielian, James",,,,77.8571428571429,272,41,16,0,9,57,31,10,2,1090
"Burke, Brock",,,,17.2452830188679,245,44,6,1,13,52,9,1,0,914
"Smith, Drew",,,,17.4516129032258,237,26,13,4,7,60,29,5,3,1082
"Wainwright, Adam",,,,85,479,93,36,2,20,55,41,4,0,1785
"Underwood, Duane",,,,16.85,99,15,5,1,3,14,11,1,1,337
"Anderson, Nick",,,,15.6571428571429,140,18,9,0,3,36,9,0,2,548
"Shaw, Bryan",,,,20.3684210526316,183,28,8,0,3,40,17,2,0,774
"Cole, Gerrit",NYY,RHP,SP,99.4242424242424,809,110,26,1,20,222,48,7,4,3281
"McClanahan, Shane",,,,86.7142857142857,469,57,20,3,15,121,41,7,1,1821
"Hendricks, Kyle",CHC,RHP,SP,87.7916666666667,569,92,30,3,13,93,27,23,2,2107
"Carrasco, Carlos",CLE,RHP,SP,79.35,409,71,24,2,18,66,38,12,1,1587
"Walter, Brandon",,,,40.5555555555556,105,22,7,0,3,16,7,1,1,365
"Helsley, Ryan",STL,RHP,CL,18.3939393939394,142,14,6,1,1,52,17,2,1,607
"Battenfield, Peyton",,,,78.7142857142857,145,19,8,0,7,27,12,2,0,551
"Corbin, Patrick",WAS,LHP,SP,91.3125,774,142,34,1,33,124,57,28,10,2922
"Kirby, George",SEA,RHP,SP,91.0645161290323,746,122,28,7,22,172,19,17,4,2823
"Moran, Jovani",,,,17.4418604651163,182,26,3,3,3,48,27,2,1,750
"Woo, Bryan",SEA,RHP,SP,80.4444444444444,362,48,12,2,13,93,31,8,0,1448
"Harris, Hobie",,,,21.875,90,15,3,1,2,9,13,3,0,350
"Soroka, Michael",,,,76.7142857142857,140,19,8,0,9,29,12,0,0,537
"Ryan, Joe",MIN,RHP,SP,92.5172413793103,660,92,30,1,32,197,34,7,3,2683
"Bednar, David",PIT,RHP,CL,16.7424242424242,268,36,12,2,3,80,21,1,0,1105
"Suarez, Jose",,,,56.2727272727273,162,28,8,0,10,28,20,0,1,619
"Nogosek, Stephen",,,,37.6153846153846,114,16,5,1,6,25,14,2,0,489
"Verlander, Justin",,,,96.3703703703704,660,89,30,2,18,144,45,11,2,2602
"Castro, Miguel",,,,13.44,264,32,11,0,8,60,25,8,0,1008
"Brito, Jhony",,,,57.8,364,48,18,2,14,72,28,7,3,1445
"Jackson, Andre",,,,52.6842105263158,253,29,11,1,11,57,22,4,1,1001
"Seabold, Connor",,,,57.8518518518519,394,67,27,3,19,67,28,1,0,1562
"Littell, Zack",TB,RHP,SP,47.5,372,60,20,1,13,74,12,1,0,1330
"Feltner, Ryan",COL,RHP,SP,77.6,198,34,8,1,2,38,28,4,0,776
"Weissert, Greg",,,,20.3529411764706,85,16,2,0,3,22,8,5,1,346
"Hatch, Thomas",,,,26.2222222222222,125,22,9,0,2,26,12,3,1,472
"Mayers, Mike",,,,75.8333333333333,118,24,5,1,4,17,10,0,1,455
"Ober, Bailey",MIN,RHP,SP,89.5,568,78,24,1,22,146,29,3,6,2327
"Brigham, Jeff",,,,18.3783783783784,154,13,4,0,9,42,18,3,1,680
"Webb, Logan",SF,RHP,SP,96.4242424242424,842,143,34,4,20,194,31,20,4,3182
"Gallegos, Giovanny",,,,15.7678571428571,226,30,13,0,11,59,12,4,0,883
"Kelly, Merrill",,,,93.4333333333333,713,90,30,3,20,187,68,13,4,2803
"Winn, Keaton",,,,66,164,21,7,2,6,35,8,3,2,594
"Irvin, Cole",,,,53.0416666666667,326,51,15,1,11,68,21,0,1,1273
"Honeywell, Brent",LAD,RHP,SP,21.675,228,37,4,2,10,45,24,6,0,867
"Waldron, Matt",SD,RHP,SP,61.625,172,21,7,2,9,31,12,8,0,493
"Bumgarner, Madison",,,,87.5,87,13,8,0,4,10,15,3,1,350
"Vasquez, Randy",SD,RHP,SP,60.8181818181818,160,18,7,0,5,33,18,2,0,669
"Gausman, Kevin",TOR,RHP,SP,99,755,100,43,1,19,237,55,21,4,3069
"King, Michael",SD,RHP,SP,34.3061224489796,422,63,13,2,10,127,32,3,3,1681
"Anderson, Grant",,,,23,151,27,6,0,5,30,14,5,2,598
"Karinchak, James",,,,16.6363636363636,163,13,4,1,6,52,28,16,2,732
"Rom, Drew",,,,83.875,169,27,14,3,7,32,19,2,1,671
"Finnegan, Kyle",WAS,RHP,CL,16.5074626865672,284,44,11,0,11,63,24,15,1,1106
"Frias, Luis",,,,18.5862068965517,137,16,11,0,3,26,17,3,0,539
"Rucker, Michael",,,,20.5428571428571,171,26,5,2,6,40,19,0,1,719
"Devenski, Chris",,,,17.8947368421053,168,25,4,1,6,42,11,10,0,680
"Loup, Aaron",,,,15.2181818181818,228,46,13,0,6,45,20,4,1,837
"Suarez, Ranger",,,,91.9545454545455,531,87,26,3,13,119,48,7,2,2023
"Rodriguez, Grayson",BAL,RHP,SP,91.4782608695652,509,83,18,4,16,129,42,4,2,2104
"Smeltzer, Devin",,,,40.1111111111111,96,16,6,0,7,16,4,0,1,361
"Hartwig, Grant",,,,22.8214285714286,151,22,8,1,3,30,15,1,0,639
"Heaney, Andrew",TEX,LHP,SP,76.5588235294118,629,84,34,2,23,151,60,11,3,2603
"May, Dustin",,,,81.6666666666667,184,18,10,0,1,34,16,4,1,735
"Stone, Gavin",LAD,RHP,SP,68.375,149,27,10,1,8,22,13,2,0,547
"Mahle, Tyler",,,,84.2,102,13,4,0,5,28,5,2,1,421
"Bieber, Shane",,,,93.047619047619,524,79,29,2,14,107,34,11,5,1954
"Perez, Martin",SD,LHP,SP,63.5142857142857,596,103,24,2,21,93,49,3,1,2223
"Lively, Ben",CLE,RHP,SP,72.7894736842105,380,60,14,2,20,79,25,7,0,1383
"Cueto, Johnny",,,,66.1538461538462,214,28,6,0,17,39,15,0,0,860
"Wesneski, Hayden",,,,43.5,371,49,12,1,20,83,32,2,2,1479
"Uribe, Abner",,,,16.1875,124,13,2,1,0,39,20,4,0,518
"Morton, Charlie",ATL,RHP,SP,94.7333333333333,698,103,30,3,14,183,83,16,3,2842
"Lopez, Reynaldo",ATL,RHP,SP,17.7205882352941,275,36,5,1,8,83,34,7,1,1205
"Skubal, Tarik",DET,LHP,SP,81.2,306,40,11,3,4,102,14,4,0,1218
"Brogdon, Connor",,,,20.1481481481481,123,18,4,2,5,26,13,5,1,544
"Nelson, Ryne",ARI,RHP,SP,81.2068965517241,605,88,37,10,24,96,46,2,4,2355
"Ramsey, Lane",,,,16.1904761904762,89,21,2,1,1,18,9,4,0,340
"Strider, Spencer",,,,96.84375,754,92,29,3,22,281,58,19,2,3099
"Matz, Steven",,,,74.64,442,73,23,1,11,98,32,13,1,1866
"Miller, Bobby",,,,89.1363636363636,496,68,22,3,12,119,32,14,1,1961
"Hudson, Dakota",,,,73.1666666666667,345,57,22,0,9,45,34,2,0,1317
"Hill, Rich",,,,79.09375,645,94,44,4,23,129,58,25,2,2531
"Priester, Quinn",,,,86.6,227,29,17,0,12,36,27,2,0,866
"Luzardo, Jesus",,,,93.375,732,94,43,3,22,208,55,11,4,2988
"Brash, Matt",,,,16.7179487179487,298,51,9,2,3,107,29,5,0,1304
"Stewart, Brock",,,,15.6785714285714,108,14,4,0,1,39,11,1,2,439
"Megill, Tylor",NYM,RHP,SP,89.4,558,98,25,0,18,105,58,11,3,2235
"Strzelecki, Peter",,,,17.6486486486486,153,22,8,0,3,37,12,9,0,653
"Flexen, Chris",CWS,RHP,SP,60.5172413793103,458,88,19,1,25,74,38,6,2,1755
"Eovaldi, Nathan",TEX,RHP,SP,89.28,568,70,27,5,15,132,47,8,4,2232
"Kershaw, Clayton",LAD,LHP,SP,84.375,519,62,19,0,19,137,40,6,4,2025
"Harris, Hogan",,,,79.2142857142857,277,37,20,0,10,56,28,4,0,1109
"Jimenez, Dany",,,,16.2,91,6,2,0,3,21,14,3,1,405
"Borucki, Ryan",,,,13.8947368421053,146,15,7,0,4,33,4,4,1,528
"Schmidt, Clarke",,,,82.1818181818182,676,103,41,1,24,149,46,8,3,2712
"Pivetta, Nick",BOS,RHP,SP,62.7105263157895,578,55,31,1,23,183,50,12,2,2383
"Brasier, Ryan",,,,15.2881355932203,233,30,9,0,3,56,20,8,1,902
"Wantz, Andrew",,,,24.3703703703704,157,17,4,3,4,33,15,1,0,658
"Castillo, Luis",SEA,RHP,SP,97.1818181818182,791,91,36,5,28,219,56,6,6,3207
"Clase, Emmanuel",CLE,RHP,CL,14.9333333333333,297,52,12,0,4,64,16,10,0,1120
"Walker, Taijuan",,,,91.5161290322581,721,96,35,4,20,138,71,12,7,2837
"Graterol, Brusdar",,,,13.6617647058824,252,42,7,1,3,48,12,5,2,929
"Woodford, Jake",PIT,RHP,SP,60.6,216,35,13,2,11,29,22,2,1,909
"Gott, Trevor",,,,15.265625,255,45,13,1,4,62,19,12,0,977
"Doval, Camilo",SF,RHP,CL,16.4927536231884,270,38,10,0,3,87,26,12,5,1138
"Smith-Shawver, AJ",,,,75.6666666666667,104,9,1,0,7,20,11,5,1,454
"Kremer, Dean",BAL,RHP,SP,91.40625,728,117,26,1,27,157,55,9,6,2925
"Guerra, Javy",,,,21.2941176470588,94,13,2,0,2,14,22,2,0,362
"Carlton, Drew",,,,30,80,12,4,0,2,18,6,0,1,330
"Graveman, Kendall",,,,16.3676470588235,274,33,8,1,9,66,36,5,1,1113
"Syndergaard, Noah",,,,78,377,62,17,3,22,56,19,34,1,1404
"Wacha, Michael",KC,RHP,SP,92.5416666666667,548,65,32,1,15,124,43,4,3,2221
"Winder, Josh",,,,29.4210526315789,145,21,9,2,3,28,14,4,1,559
"Irvin, Jake",WAS,RHP,SP,89.4583333333333,516,79,17,2,20,99,54,5,0,2147
"Scholtens, Jesse",,,,55.6538461538462,373,73,12,0,15,58,30,7,3,1447
"Hunter, Tommy",,,,26.2142857142857,103,16,5,1,6,20,5,1,0,367
"Quintana, Jose",NYM,LHP,SP,94.5384615384615,313,57,11,2,5,60,24,5,1,1229
"Doyle, Tommy",,,,23.4666666666667,103,12,5,1,5,18,13,1,1,352
"Varland, Gus",,,,25.1875,101,17,6,1,3,20,16,2,0,403
"Lawrence, Casey",,,,29.8,117,15,10,0,7,20,10,4,0,447
"Morgan, Eli",,,,19.5081967213115,297,52,11,1,9,75,24,11,2,1190
"Sandoval, Patrick",,,,93.5714285714286,641,103,29,1,12,128,74,7,3,2620
"Alcantara, Sandy",,,,97.1785714285714,748,123,30,1,22,151,48,17,3,2721
"Dodd, Dylan",,,,81.1428571428571,163,31,13,0,9,15,12,2,1,568
"Garrett, Reed",,,,31.5454545454545,85,14,5,0,3,16,7,3,1,347
"Sale, Chris",ATL,LHP,SP,83.5,413,46,24,2,15,125,29,8,1,1670
"Flaherty, Jack",LAD,RHP,SP,90.7931034482759,631,106,37,2,17,148,66,4,2,2633
"Phillips, Evan",LAD,RHP,CL,14.758064516129,228,24,7,1,6,66,13,3,1,915
"Allen, Logan",,,,88.9166666666667,531,83,28,0,16,119,48,0,5,2134
"Blanco, Ronel",HOU,RHP,SP,53.2352941176471,223,32,5,0,12,52,28,2,0,905
"Lopez, Pablo",MIN,RHP,SP,94.5,786,121,26,5,24,234,48,8,3,3024
"Winans, Allan",,,,89,137,23,8,1,5,34,8,1,1,534
"German, Domingo",,,,82.65,435,42,19,2,20,114,34,12,2,1653
"Plesac, Zach",,,,74,104,23,11,0,3,14,5,1,0,370
"Carasiti, Matt",,,,25.6875,107,21,4,0,3,16,11,1,0,411
"Cuas, Jose",,,,16.3333333333333,284,43,10,2,8,71,35,4,2,1176
"Thompson, Zack",,,,46.72,281,46,15,0,8,72,25,2,3,1168
"Hader, Josh",HOU,LHP,CL,17.0819672131148,226,26,3,0,3,85,30,1,0,1042
"France, J.P.",,,,91.75,571,98,20,1,19,101,47,9,2,2202
"Romano, Jordan",,,,15.5084745762712,244,32,9,1,6,72,24,9,1,915
"Gonzalez, Victor",,,,15,131,18,7,0,2,30,10,2,0,510
"Holmes, Clay",NYY,RHP,CL,15.5151515151515,257,39,9,1,2,71,23,2,0,1024
"Grove, Michael",,,,63.6666666666667,299,53,15,3,12,73,19,7,2,1146
"Lugo, Seth",KC,RHP,SP,91.3846153846154,599,89,29,3,19,140,36,6,1,2376
"Cecconi, Slade",ARI,RHP,SP,59.7142857142857,108,14,8,1,4,20,4,1,1,418
"Houck, Tanner",BOS,RHP,SP,82.8095238095238,451,66,24,0,14,99,41,4,2,1739
"Abbott, Andrew",CIN,LHP,SP,90.2857142857143,453,59,24,1,16,120,44,7,4,1896
"Lyles, Jordan",,,,90.8387096774194,734,87,48,2,39,120,45,9,2,2816
"Cabrera, Edward",MIA,RHP,SP,81.9090909090909,429,49,18,0,11,118,66,16,2,1802
"Turnbull, Spencer",,,,79.2857142857143,142,22,10,0,5,24,15,3,0,555
"Freeland, Kyle",COL,LHP,SP,83.2413793103448,666,122,30,6,29,94,42,13,7,2414
"Rodriguez, Eduardo",,,,91.2307692307692,611,86,25,2,15,143,48,10,5,2372
"Kikuchi, Yusei",HOU,LHP,SP,88.03125,694,110,27,1,27,181,48,14,1,2817
"Kowar, Jackson",,,,24.695652173913,136,23,7,0,4,29,20,5,0,568
"Bass, Anthony",,,,14.7272727272727,86,9,7,0,3,19,9,2,0,324
"Valdez, Framber",HOU,LHP,SP,95.1612903225806,785,107,37,3,19,200,57,19,1,2950
"Civale, Aaron",MIL,RHP,SP,87.304347826087,496,75,21,1,12,116,33,6,2,2008
"Lodolo, Nick",CIN,LHP,SP,92.2857142857143,157,32,7,1,10,47,10,1,2,646
"Glasnow, Tyler",LAD,RHP,SP,90.1904761904762,481,61,16,3,13,162,37,19,1,1894
"Gilbert, Logan",SEA,RHP,SP,91.3125,760,102,36,2,29,189,36,14,1,2922
"Perdomo, Angel",,,,16.3,112,11,7,0,3,44,11,4,2,489
"Scherzer, Max",TEX,RHP,SP,91.2962962962963,615,76,22,0,28,174,45,9,1,2465
"Rasmussen, Drew",,,,84.25,174,28,6,0,2,47,11,3,2,674
"Medina, Luis",,,,84.5652173913043,484,61,31,3,14,106,57,7,3,1945
"Boyd, Matthew",,,,78.5333333333333,301,43,15,0,11,73,25,2,2,1178
"Darvish, Yu",,,,92.375,559,89,25,2,18,141,42,17,4,2217
"Beck, Tristan",,,,39.3333333333333,351,58,15,0,10,68,21,2,0,1298
"Boushley, Caleb",,,,38,10,0,0,0,1,5,2,1,0,38
"Speas, Alex",,,,21.6666666666667,12,2,0,0,0,4,5,0,1,65
"Rodriguez, Elvin",,,,47,10,0,0,0,0,5,0,0,0,47
"McMillon, John",,,,13.75,13,0,0,0,1,8,0,0,0,55
"Moronta, Reyes",,,,24,11,3,0,0,1,2,3,0,0,48
"Ríos, Yacksel",,,,20.6666666666667,13,2,0,0,1,2,5,0,0,62
"Lopez, Jose",,,,51,10,2,1,0,0,2,1,0,0,51
"Faria, Jake",,,,65,13,3,0,1,0,3,4,0,0,65
"Vieira, Thyago",,,,18,9,0,0,0,0,2,1,1,0,36
"Hernandez, Nick",,,,40.5,16,2,0,0,1,5,4,0,0,81
"Greene, Shane",,,,21,12,1,1,0,0,3,2,0,0,42
"Maldonado, Martín",,,,0,8,2,2,0,1,0,1,0,0,0
"Burdi, Nick",,,,19.3333333333333,14,1,1,1,0,4,3,0,0,58
"Vargas, Ildemaro",,,,0,9,1,0,0,1,0,1,0,0,0
"Mills, Alec",,,,40,9,2,0,1,1,0,1,0,0,40
"Peterson, Jace",,,,0,12,1,1,0,1,1,3,0,0,0
"Perez, Carlos",,,,0,10,2,1,0,1,0,2,0,0,0
"Castro, Willi",,,,0,10,3,0,0,0,0,2,0,0,0
"Trejo, Alan",,,,0,9,1,1,0,2,1,0,0,0,0
"Veneziano, Anthony",,,,27.5,12,0,1,1,0,1,2,0,0,55
"Pannone, Thomas",,,,59,14,4,1,0,0,4,1,0,0,59
"Reyes, Pablo",,,,0,13,3,0,0,0,0,4,0,0,0
"Duffy, Matt",,,,0,9,2,0,0,1,0,0,0,0,0
"Castro, Harold",,,,0,10,3,1,0,0,0,1,0,0,0
"Wynne, Randy",,,,34,11,1,2,0,0,0,1,0,0,34
"Vargas, Carlos",,,,16.2,21,3,0,0,2,7,4,0,0,81
"Rodriguez, Jose",,,,48,12,1,2,0,0,1,1,0,1,48
"Alberto, Hanser",,,,0,12,5,0,0,1,1,1,0,0,0
"Hartlieb, Geoff",,,,33,16,1,0,0,1,3,3,0,0,66
"Colome, Alex",,,,15.5,15,0,1,0,1,2,3,0,0,62
"Herrera, Jose",,,,0,10,3,1,0,0,0,0,0,0,0
"Mederos, Victor",,,,22,15,5,0,0,0,3,3,0,0,66
"Mariot, Michael",,,,41,13,2,1,0,1,2,1,0,0,41
"Ray, Robbie",SF,LHP,SP,91,18,3,1,0,0,3,5,2,0,91
"Naughton, Packy",,,,17,17,1,1,0,0,5,1,0,0,68
"Nittoli, Vinny",,,,18,14,3,1,0,0,3,0,0,1,54
"Waites, Cole",,,,21.6666666666667,15,5,1,0,0,2,2,2,0,65
"Bowlan, Jonathan",,,,28,14,4,0,0,1,3,0,0,0,56
"Hernandez, Daysbel",,,,20.75,20,5,0,0,1,6,3,1,0,83
"Rojas, Josh",,,,0,13,5,1,0,0,1,1,0,0,0
"Clemens, Kody",,,,0,15,4,0,0,0,1,3,0,0,0
"Ford, Mike",,,,0,12,2,1,0,2,0,1,0,0,0
"Vosler, Jason",,,,0,11,5,0,0,0,0,0,0,0,0
"Lopez, Nicky",,,,0,13,3,0,0,1,0,2,0,0,0
"Krehbiel, Joey",,,,13.3333333333333,19,0,1,0,1,5,2,1,0,80
"Wong, Jake",,,,57,15,5,1,0,0,0,3,0,1,57
"Antone, Tejay",,,,18,21,2,1,0,0,7,2,0,0,90
"Burleson, Alec",,,,0,13,7,0,0,1,1,0,0,0,0
"Howard, Spencer",,,,26.6666666666667,17,3,0,0,1,2,3,2,0,80
"Moore, McKinley",,,,28.6666666666667,19,1,3,0,1,2,5,0,0,86
"Rojas, Miguel",,,,0,13,1,2,0,0,0,1,0,0,0
"Reid-Foley, Sean",,,,20.5,33,3,1,0,0,16,6,5,0,164
"Harrison, Josh",,,,0,13,8,0,0,0,0,2,0,0,0
"Kolarek, Adam",,,,16.6,20,2,0,0,0,7,1,1,0,83
"Givens, Mychal",,,,14.8333333333333,20,3,1,0,0,2,6,1,0,89
"Little, Luke",,,,19.2857142857143,28,3,2,0,0,12,4,0,0,135
"Castano, Daniel",,,,34.5,20,4,0,1,2,4,3,0,0,69
"Burdi, Zack",,,,25,19,3,2,1,0,5,2,2,0,75
"Paddack, Chris",,,,39.5,22,4,1,0,1,8,1,1,0,79
"White, Owen",,,,34,18,3,0,0,2,4,2,0,0,68
"Hedges, Austin",,,,0,15,3,1,0,1,1,0,0,0,0
"McCaughan, Darren",,,,37.3333333333333,27,5,1,0,1,10,3,0,0,112
"Dermody, Matt",,,,76,16,2,0,0,2,1,1,0,0,76
"Nolin, Sean",,,,62,18,3,1,1,2,2,2,0,0,62
"Escobar, Eduardo",,,,0,14,1,1,0,0,0,1,0,0,0
"Watkins, Spenser",,,,90,21,2,3,0,2,4,2,0,0,90
"Nelson, Nick",,,,69,20,1,0,0,1,3,2,1,0,69
"Kiner-Falefa, Isiah",,,,0,16,2,2,0,0,1,0,0,0,0
"Small, Ethan",,,,46.5,23,5,3,0,1,6,2,0,0,93
"Kriske, Brooks",,,,23,24,1,0,0,2,6,4,1,2,92
"Mendick, Danny",,,,0,15,4,3,0,2,0,0,0,0,0
"Bowman, Matt",,,,27.6666666666667,19,4,1,0,1,3,2,0,0,83
,,,,,,,,,,,,,,
"Andrews, Clayton",,,,21.75,22,5,1,1,3,4,2,0,0,87
"Hendriks, Liam",,,,17.4,19,2,1,0,1,3,1,1,0,87
"Woods Richardson, Simeon",MIN,RHP,SP,97,23,4,2,0,1,5,3,0,0,97
"Kelly, Carson",,,,0,18,8,0,0,1,1,1,0,0,0
"Padilla, Nicholas",,,,33.3333333333333,23,5,3,0,1,6,1,0,0,100
"Sulser, Cole",,,,21,23,2,1,0,2,4,3,0,0,84
"Gage, Matt",,,,23.8,26,4,1,0,1,8,3,0,0,119
"Plassmeyer, Michael",,,,85,20,4,1,0,3,4,0,0,0,85
"Raley, Luke",,,,0,19,7,1,1,2,1,0,0,0,0
"Festa, Matt",,,,24.375,43,1,2,0,1,13,12,1,0,195
"Ingram, Kolton",,,,20,29,4,2,0,2,7,5,0,0,100
"Krook, Matt",,,,26.75,26,6,1,0,1,3,6,2,0,107
"Coonrod, Sam",,,,14.7,32,5,0,0,0,6,8,1,0,147
"McGee, Easton",,,,64,22,0,1,0,0,2,1,0,0,64
"Barnhart, Tucker",,,,0,19,7,0,0,0,0,0,0,0,0
"Bukauskas, J.B.",,,,16.8333333333333,29,5,1,0,0,7,3,1,0,101
"Bracho, Silvino",,,,25.2,31,4,1,0,0,6,6,1,0,126
"Parsons, Wes",,,,89,25,7,1,0,2,3,3,1,0,89
"Wolf, Jackson",,,,75,22,5,1,0,0,1,1,0,0,75
"Hanifee, Brenan",,,,29.6666666666667,23,6,1,0,1,3,0,0,0,89
"Acton, Garrett",,,,20.6666666666667,31,2,4,0,3,5,5,0,0,124
"McAllister, Zach",,,,17.5714285714286,28,4,3,0,2,5,2,1,0,123
"Suero, Wander",,,,31.8,35,4,0,0,2,9,5,4,0,159
"Bristo, Braden",,,,38,30,5,0,0,0,5,4,1,0,114
"Sherriff, Ryan",,,,20.8,27,2,3,1,0,5,2,2,0,104
"De Jesus, Enmanuel",,,,68,31,6,3,0,0,5,4,1,0,136
"Sousa, Bennett",,,,20,34,5,0,0,1,10,2,0,0,140
"Kilian, Caleb",,,,43.3333333333333,29,10,3,0,0,5,2,0,0,130
"Funderburk, Kody",,,,17.4545454545455,46,4,1,0,1,19,5,2,1,192
"Busenitz, Alan",,,,17.8333333333333,29,6,2,0,0,5,1,1,0,107
"Knehr, Reiss",,,,30.75,31,5,1,1,3,4,5,0,0,123
"Lindgren, Jeff",,,,32.3333333333333,28,2,1,1,0,1,4,0,0,97
"Morris, Cody",,,,27.3333333333333,38,3,4,0,3,9,6,1,1,164
"Senzatela, Antonio",,,,60,30,3,1,0,3,4,2,0,1,120
"Rodriguez, Dereck",,,,24.25,29,3,4,0,2,1,5,0,0,97
"Lucas, Easton",,,,24.6666666666667,35,5,4,0,1,7,4,1,0,148
"Fry, David",,,,0,26,6,1,0,3,0,1,0,0,0
"Maile, Luke",,,,0,24,5,3,0,4,0,0,0,0,0
"Muckenhirn, Zach",,,,31.6666666666667,29,7,4,0,0,3,2,0,0,95
"Junk, Janson",,,,55,32,4,3,0,1,5,2,0,0,110
"Castillo, Diego",,,,20.25,40,4,1,0,2,7,7,0,0,162
"Navarro, Edgar",,,,18.75,37,6,3,0,2,9,2,0,1,150
"Springs, Jeffrey",TB,LHP,SP,70.3333333333333,54,3,0,0,1,24,4,0,0,211
"Justice, Evan",,,,18.7777777777778,40,12,2,0,0,7,8,2,0,169
"Brewer, Colten",,,,34.6666666666667,33,0,3,0,3,4,3,0,0,104
"Abad, Fernando",,,,23.5,32,7,2,0,2,2,3,1,0,141
"Bradley, Archie",,,,37.25,38,8,2,1,2,7,3,1,1,149
"Crowe, Wil",,,,35.8,46,5,3,0,1,9,9,0,0,179
"Diaz, Jhonathan",SEA,LHP,SP,40,38,8,5,0,0,4,7,1,1,160
"Short, Zack",,,,0,31,11,1,0,0,1,1,0,0,0
"Vodnik, Victor",COL,RHP,CL,31,44,12,3,0,0,12,3,2,0,186
"Sweet, Devin",,,,23.7142857142857,41,6,0,0,4,6,6,0,0,166
"Walker, Josh",,,,15.6428571428571,48,9,1,0,2,12,6,1,0,219
"Felipe, Angel",,,,19.3571428571429,63,5,1,0,0,19,13,0,0,271
"Murfee, Penn",,,,13.9375,56,3,1,0,1,16,10,3,0,223
"Rodriguez, Joely",,,,19.5454545454545,51,8,3,0,2,14,6,1,0,215
"Saalfrank, Andrew",,,,15.6,41,7,0,0,0,6,4,2,0,156
"Milone, Tommy",,,,81.5,39,6,0,0,1,3,6,0,0,163
"Bush, Matt",,,,16.1666666666667,48,3,3,0,5,10,6,1,0,194
"Hudson, Bryan",,,,27.3333333333333,42,9,2,0,1,7,4,0,0,164
"Barraclough, Kyle",,,,52,41,9,1,1,3,4,6,1,0,156
"Green, Chad",TOR,RHP,CL,16.25,52,7,3,1,1,16,4,1,0,195
"Gillaspie, Logan",,,,17.3636363636364,45,4,7,1,2,8,5,0,0,191
"Diaz, Miguel",,,,17.3333333333333,54,6,2,0,0,16,5,1,0,208
"Newcomb, Sean",,,,40,59,5,2,0,1,17,9,1,0,280
"Mejia, J.C.",,,,23.7777777777778,49,12,1,0,2,13,3,0,0,214
"Stallings, Jacob",,,,6.71428571428571,33,7,4,0,1,1,0,0,0,47
"Marte, Jose",,,,17.3,46,8,3,0,3,7,7,3,0,173
"Otto, Glenn",,,,32,51,8,0,0,6,11,6,4,1,192
"Daniel, Davis",LAA,RHP,SP,72.6666666666667,51,3,2,1,1,9,9,1,0,218
"Cruz, Steven",,,,24.4,61,5,4,1,1,15,11,1,0,244
"Estes, Joey",OAK,RHP,SP,82.5,44,5,3,0,4,7,2,1,0,165
"Barlow, Joe",,,,11.3076923076923,44,9,2,0,2,6,2,1,0,147
"Stephens, Jackson",,,,45.2,51,11,1,0,1,11,5,2,1,226
"Weiss, Zack",,,,18.8333333333333,56,4,1,0,4,15,6,0,0,226
"Acevedo, Domingo",,,,19.4444444444444,44,7,5,2,2,7,2,2,0,175
"Hughes, Brandon",,,,14.0588235294118,61,10,2,0,2,17,8,4,0,239
"Logue, Zach",,,,57.6666666666667,49,8,2,0,3,10,2,1,0,173
"Stoudt, Levi",,,,56,54,11,2,2,1,9,8,3,0,224
"Crochet, Garrett",CWS,LHP,SP,22.4615384615385,60,7,4,0,1,12,13,2,0,292
"Norris, Daniel",,,,36.8571428571429,61,6,1,0,3,11,12,1,0,258
"Overton, Connor",,,,66.6666666666667,54,10,4,2,3,9,7,1,1,200
"Allard, Kolby",PHI,LHP,SP,49.75,56,11,3,0,2,13,4,1,0,199
"Boyle, Joe",,,,80,59,4,3,0,1,15,5,2,1,240
"Tarnok, Freddy",,,,57.4,65,3,4,0,4,14,11,1,0,287
"White, Mitch",,,,25.3,58,7,6,0,2,13,7,1,0,253
"Hancock, Emerson",,,,64.6666666666667,49,12,0,0,1,6,3,4,1,194
"Ortega, Oliver",,,,23.9,60,8,1,0,2,14,6,2,0,239
"Legumina, Casey",,,,21,61,7,6,0,3,11,9,0,0,231
"Misiewicz, Anthony",,,,21.8181818181818,54,10,3,2,2,8,6,0,0,240
"Then, Juan",,,,18.5555555555556,48,9,2,0,3,5,2,3,0,167
"Familia, Jeurys",,,,18.2857142857143,61,8,3,0,2,9,13,0,0,256
"Snead, Kirby",,,,12.8666666666667,56,11,2,0,1,9,6,1,0,193
"Lopez, Jacob",,,,48.25,52,9,4,1,0,8,2,0,0,193
"Patton, Spencer",,,,17.0833333333333,53,6,3,1,3,7,6,1,1,205
"Smith, Chad",,,,24.8,58,11,2,0,2,9,7,0,3,248
"Luetge, Lucas",,,,23.8333333333333,63,14,1,0,2,14,7,2,0,286
"McKenzie, Triston",,,,75,73,6,4,1,1,16,13,6,0,300
"Yacabonis, Jimmy",,,,33,60,8,4,0,2,11,6,1,0,231
"Wingenter, Trey",,,,18.1764705882353,72,10,4,0,2,22,7,2,0,309
"Garcia, Rico",,,,26.7,59,10,4,0,5,10,6,0,0,267
"Garcia, Deivi",,,,36.125,64,2,5,0,2,10,12,0,0,289
"Kay, Anthony",,,,15.125,63,6,5,0,2,11,9,1,0,242
"De Jong, Chase",,,,37.5,55,7,5,0,6,7,6,0,0,225
"Spiers, Carson",CIN,RHP,SP,72.75,63,14,3,0,1,12,7,1,0,291
"Zimmermann, Bruce",,,,30.7142857142857,58,11,3,0,3,14,0,0,0,215
"Crismatt, Nabil",,,,32.5,64,13,3,0,3,12,7,1,1,260
"Kennedy, Ian",,,,19.625,72,9,3,0,4,21,7,1,0,314
"Kelly, Michael",,,,19.4285714285714,71,10,3,0,0,16,9,3,1,272
"Mushinski, Parker",,,,18.2142857142857,65,10,4,0,5,15,4,1,0,255
"Adcock, Ty",,,,17.25,58,5,1,1,4,11,0,1,0,207
"Sanmartin, Reiver",,,,22.1428571428571,69,13,2,0,2,13,10,0,0,310
"Jackson, Zach",,,,19.5789473684211,79,15,2,0,1,23,10,2,1,372
"De Leon, Jose",,,,23.6666666666667,69,13,1,0,2,17,5,1,0,284
"Vespi, Nick",,,,22.4444444444444,58,8,6,0,2,9,2,0,1,202
"Tapia, Domingo",,,,21.2,74,8,3,0,2,14,12,1,1,318
"Gilbert, Tyler",,,,23.9090909090909,72,11,7,1,2,19,5,0,2,263
"Bazardo, Eduard",,,,22.5,67,7,6,0,2,15,4,2,0,270
"Taylor, Josh",,,,20.0588235294118,81,13,5,0,4,26,9,2,0,341
"Gipson-Long, Sawyer",,,,84,82,7,4,1,2,26,8,1,1,336
"Solomon, Peter",,,,47.2,66,7,6,2,2,6,11,1,0,236
"Hill, Garrett",,,,34.3333333333333,77,9,6,0,4,14,14,1,0,309
"Kelley, Trevor",,,,27.2,67,7,5,0,4,11,6,0,0,272
"Weber, Ryan",,,,22.75,58,11,4,0,2,7,1,3,0,182
"Coleman, Dylan",,,,16.6521739130435,88,12,3,0,3,21,19,4,0,383
"Perez, Francisco",,,,18.1176470588235,72,11,4,2,0,14,8,3,1,308
"Rogers, Trevor",BAL,LHP,SP,82.5,76,13,1,0,2,19,6,0,0,330
"Bachman, Sam",,,,28.7272727272727,76,16,0,1,0,14,11,0,0,316
"Heasley, Jonathan",,,,18.4166666666667,61,9,2,1,5,9,2,1,0,221
"Hall, DL",,,,20.6111111111111,81,11,5,0,2,23,5,1,0,371
"Heller, Ben",,,,16.2105263157895,80,12,1,1,2,16,11,0,0,308
"Hearn, Taylor",,,,24.0769230769231,76,15,4,0,4,15,8,3,0,313
LAA,,,RP,179.789298245614,902,125,41,3,27,200,96,30,3,3563
OAK,,,RP,199.68961038961,926,180,45,3,25,169,86,27,3,3717
HOU,,,RP,142.727118796237,1028,148,46,2,28,296,92,17,3,4196
TOR,,,RP,183.083971526217,1145,175,48,1,40,267,81,23,6,4546
ATL,,,RP,113.526252805651,1407,197,60,4,38,429,136,53,6,5676
MIL,,,RP,68.3999534798423,858,124,23,4,18,211,70,19,4,3422
STL,,,RP,173.999048920017,1178,198,61,6,21,228,97,27,6,4543
CHC,,,RP,135.651285489945,1403,196,68,2,55,341,138,36,11,5556
ARI,,,RP,137.335873673972,1150,160,54,5,28,281,91,24,4,4587
LAD,,,RP,150.517857142857,1002,126,36,5,40,269,134,41,8,4219
SF,,,RP,52.4294117647059,766,109,34,2,21,202,68,16,7,3036
CLE,,,RP,220.278954595463,1419,201,65,4,40,322,139,37,5,5787
SEA,,,RP,124.767141732377,1297,218,54,4,29,294,107,31,7,5126
MIA,,,RP,85.64127702363,388,60,14,1,13,85,42,5,1,1590
NYM,,,RP,97.5539949919361,1238,168,45,1,36,313,128,42,4,4952
WAS,,,RP,98.9245156695157,613,111,20,2,14,116,59,16,5,2488
BAL,,,RP,77.6358262108262,1101,163,50,4,20,258,99,23,4,4240
SD,,,RP,122.105168480169,921,105,49,3,28,252,87,24,3,3683
PHI,,,RP,148.568234823169,1355,174,63,8,43,375,114,33,5,5559
PIT,,,RP,173.695580859063,947,139,45,3,19,269,101,21,5,3773
TEX,,,RP,177.039750402399,1151,140,41,9,39,308,123,22,8,4667
TB,,,RP,146.640542264753,797,100,42,1,18,181,57,18,4,3129
BOS,,,RP,77.1452849389416,855,116,41,2,18,218,96,11,4,3484
CIN,,,RP,133.333914020522,1659,224,77,6,43,439,153,47,5,6565
COL,,,RP,131.638578329883,1202,187,54,14,35,259,105,24,7,4623
KC,,,RP,228.074528508772,1468,207,77,4,34,355,122,22,8,5983
DET,,,RP,226.014237288136,1581,199,72,3,56,359,129,25,2,6226
MIN,,,RP,141.848512603398,1199,144,51,5,44,343,121,27,1,4991
CWS,,,RP,168.396416083916,711,88,39,3,24,136,92,21,6,2951
NYY,,,RP,190.319591394779,1785,249,89,8,66,404,155,24,5,7248
avg,,,SP,78.9781324684697,474.508064516129,69.241935483871,21.7016129032258,1.93548387096774,15.8064516129032,112.459677419355,36.4274193548387,7.82258064516129,2.21774193548387,1880.10483870968
avg,,,CL,22.2834270528668,204.666666666667,26.1333333333333,7.56666666666667,0.433333333333333,4.5,61.3,19.6333333333333,5.33333333333333,1.1,838.966666666667
avg,,,RP,24.6101241854646,191.154285714286,27.0342857142857,8.59428571428571,0.697142857142857,5.48571428571429,46.7371428571429,17.8171428571429,4.49142857142857,0.857142857142857,766.434285714286